{"cameraMode":{"drawMode":0,"name":"Shaded","section":"Shading Mode"},"sceneLighting":true,"audioPlay":false,"sceneViewState":{"m_AlwaysRefresh":false,"showFog":true,"showSkybox":true,"showFlares":true,"showImageEffects":true,"showParticleSystems":true,"showVisualEffectGraphs":true,"m_FxEnabled":true},"in2DMode":false,"pivot":{"x":-1.2164459228515626,"y":-1.932175636291504,"z":28.76617431640625},"rotation":{"x":0.23890186846256257,"y":-0.41141465306282046,"z":0.11267146468162537,"w":0.8723361492156982},"size":11.925186157226563,"orthographic":false}