{"cameraMode":{"drawMode":0,"name":"Shaded","section":"Shading Mode"},"sceneLighting":true,"audioPlay":false,"sceneViewState":{"m_AlwaysRefresh":false,"showFog":true,"showSkybox":true,"showFlares":true,"showImageEffects":true,"showParticleSystems":true,"showVisualEffectGraphs":true,"m_FxEnabled":true},"in2DMode":false,"pivot":{"x":29.704326629638673,"y":-2.6938655376434328,"z":-9.63070297241211},"rotation":{"x":0.06951001286506653,"y":0.8997299671173096,"z":-0.15565866231918336,"w":0.40178027749061587},"size":11.925186157226563,"orthographic":false}