{"DefaultTint":{"r":0.6000000238418579,"g":0.6000000238418579,"b":0.699999988079071,"a":0.699999988079071},"FoldersData":{"Keys":["461a3a8789779a446989742325c99f3d","8ae5e45e925135d47b1b65481812b9d0","53cf06a168219214382ef65773cf984a","be0eebd8cc7b2ce49a768db754ec8147"],"Values":[{"_guid":"461a3a8789779a446989742325c99f3d","_color":{"r":0.800000011920929,"g":0.2392156571149826,"b":0.6287683248519898,"a":0.6980392336845398},"_recursive":true},{"_guid":"8ae5e45e925135d47b1b65481812b9d0","_color":{"r":0.2392156571149826,"g":0.5942201614379883,"b":0.800000011920929,"a":0.699999988079071},"_recursive":true},{"_guid":"53cf06a168219214382ef65773cf984a","_color":{"r":0.27679845690727236,"g":0.24000000953674317,"b":0.800000011920929,"a":0.699999988079071},"_recursive":true},{"_guid":"be0eebd8cc7b2ce49a768db754ec8147","_color":{"r":0.800000011920929,"g":0.40424320101737978,"b":0.24000000953674317,"a":0.699999988079071},"_recursive":true}]}}